file_name,TP,FP,FN,precision,recall,f1_score,detail_type,field_name,incorrect_value,judgment,reason
10.1038srep06491-0.json,44,8,5,0.8462,0.898,0.8713,Incorrect_Field,Sidewall width,250 nm,FP,原始文本指出，侧壁宽度 (t3) 为 20 nm，而 250 nm 是底层 PMMA-Al 光栅层中金属 Al 的宽度 (t2)。
10.1038srep06491-0.json,44,8,5,0.8462,0.898,0.8713,Incorrect_Field,Sidewall thickness,30 nm,FP,原始文本指出，侧壁厚度 (h3) 为 110 nm，而 30 nm 是 Al 薄膜的厚度 (h2)。
10.1038srep06491-0.json,44,8,5,0.8462,0.898,0.8713,Incorrect_Field,Negative Reflection (NR) Efficiency,> 150,FP,原始文本指出，'NR_TM/NR_TE=150' 是一个消光比，而不是 TM 光的负反射效率。
10.1038srep06491-0.json,44,8,5,0.8462,0.898,0.8713,Incorrect_Field,Reflection (R) Efficiency,> 30,FP,原始文本指出，'R_TE/R_TM=30' 是一个消光比，而不是 TE 光的反射效率。
10.1038srep06491-0.json,44,8,5,0.8462,0.898,0.8713,Incorrect_Field,Working wavelength range,Entire visible light range,FP,原始文本描述的全息图实验是在 532 nm 的单波长下进行的，并未证明其在整个可见光范围内工作。
10.1038srep06491-0.json,44,8,5,0.8462,0.898,0.8713,Incorrect_Field,Incident angle range,Wide range (specific value not provided),FP,原始文本描述的全息图实验是在 75° 的特定入射角下进行的，并未提供其工作角度范围的数据。
10.1038srep06491-0.json,44,8,5,0.8462,0.898,0.8713,Incorrect_Field,Sidewall width,"Variable (250 nm for PBS-1, approximately 30 nm for PBS-2, variable for hologram)",FP,原始文本指出，PBS-1 的侧壁宽度 (t3) 是 20 nm，而不是 250 nm。
10.1038srep06491-0.json,44,8,5,0.8462,0.898,0.8713,Incorrect_Field,measurement_method,Simulation with Finite Difference Time Domain (FDTD) method,FP,原始文本指出，色散曲线是 '根据波导理论计算' 得出的，并给出了基于周期波导理论的方程，并未明确说明是使用 FDTD 方法模拟的。
10.1038srep06491-0.json,44,8,5,0.8462,0.898,0.8713,Missing_Field,Core physical mechanism,,FN,原始文本的核心发现是，该器件的 'TE-金属类/TM-介电类特性' 可以用 '周期性金属-绝缘体-金属波导的布洛赫理论' 来解释，这一关键物理解释在提取内容中被遗漏。
10.1038srep06491-0.json,44,8,5,0.8462,0.898,0.8713,Missing_Field,Definition of Negative Reflection (NR),,FN,原始文本明确定义了 '负反射（NR）' 是指 '反射到负一级衍射级'，这个关键术语的定义在提取内容中被遗漏。
10.1038srep06491-0.json,44,8,5,0.8462,0.898,0.8713,Missing_Field,Role of Fabry-Perot (F-P) resonance,,FN,原始文本指出，利用 '两个金属薄膜之间的破坏性法布里-珀罗（F-P）共振来抑制TM反射' 是实现高消光比的关键机制，这一重要信息在提取内容中被遗漏。
10.1038srep06491-0.json,44,8,5,0.8462,0.898,0.8713,Missing_Field,Design guidelines for the metasurface,,FN,原始文本在讨论部分提出了三个明确的设计指南（狭缝宽度决定下限、光栅间距决定上限、狭缝高度用于 F-P 共振），这些是指导实际应用的核心结论，但在提取内容中被遗漏。
10.1038srep06491-0.json,44,8,5,0.8462,0.898,0.8713,Missing_Field,Specific beam splitting function,,FN,原始文本明确指出该器件作为偏振光束分离器的具体功能是 '对横磁（TM）光产生强烈的负反射，而对横电（TE）光产生高效的反射'，这一核心功能的描述在提取内容中不够具体。
10.10631.4919549-28.json,17,2,9,0.8947,0.6538,0.7556,Incorrect_Field,Pressure coefficient of conduction band edge,25100 meV/GPa,FP,原文指出III-V族半导体导带边的典型压力系数范围为 ~25-100 meV/GPa，并为该结构计算出特定值为 82 meV/GPa。值 25100 meV/GPa 在事实上是错误的。
10.10631.4919549-28.json,17,2,9,0.8947,0.6538,0.7556,Incorrect_Field,Activation Energy for Non-Radiative Recombination,17 meV,FP,原文将 17 meV 的值报告为 2 GPa 时的电子限制能，而非非辐射复合的激活能。测得的激活能为 90 ± 30 meV（0 GPa）和 25 ± 4 meV（1.71 GPa）。
10.10631.4919549-28.json,17,2,9,0.8947,0.6538,0.7556,Missing_Field,T2SL advantages over HgCdTe,,FN,原文列出了 T2SL 相对 HgCdTe 的几个关键优势（例如，带隙对成分不均匀性的依赖性降低、波长可调性、更低的暗电流），这些是研究的重要背景，但在提取内容中被忽略了。
10.10631.4919549-28.json,17,2,9,0.8947,0.6538,0.7556,Missing_Field,Long carrier lifetimes of InAs/InAsSb T2SLs,,FN,原文强调了 InAs/InAsSb T2SLs 的长载流子寿命（长波红外 > 400 ns，中波红外 10 µs）作为研究的关键动机，这一信息在提取内容中缺失了。
10.10631.4919549-28.json,17,2,9,0.8947,0.6538,0.7556,Missing_Field,Sample growth method and substrate,,FN,原文明确指出样品是通过分子束外延在 n 型 GaSb (100) 衬底上生长的，这是关键的实验细节，但在提取内容中被遗漏了。
10.10631.4919549-28.json,17,2,9,0.8947,0.6538,0.7556,Missing_Field,Photoluminescence experimental conditions,,FN,原文指明了 PL 实验的温度（10 K）和激光源（100 mW 1064 nm ND:YVO₄），这些是关键的实验参数，但在提取内容中被忽略了。
10.10631.4919549-28.json,17,2,9,0.8947,0.6538,0.7556,Missing_Field,Magnitude of PL intensity increase,,FN,原文提到 PL 强度增加了“超过两个数量级”，这是一个关键的量化细节，而不仅仅是“增加”。提取内容中缺少了这一重要信息。
10.10631.4919549-28.json,17,2,9,0.8947,0.6538,0.7556,Missing_Field,Power law exponents for recombination analysis,,FN,原文提供了具体的功率依赖性指数值（0 GPa 时为 0.91，1.87 GPa 时为 1.94），这些是证明复合机制从辐射型转变为非辐射型的关键定量证据，但在提取内容中缺失了。
10.10631.4919549-28.json,17,2,9,0.8947,0.6538,0.7556,Missing_Field,Measured activation energies,,FN,原文通过阿伦尼乌斯分析报告了测得的激活能（0 GPa 时为 90 ± 30 meV，1.71 GPa 时为 25 ± 4 meV），这些是支持关于能带移动和缺陷能级结论的关键数据，但在提取内容中被忽略了。
10.10631.4919549-28.json,17,2,9,0.8947,0.6538,0.7556,Missing_Field,Direction of valence band edge pressure shift,,FN,原文指出价带边缘“以 -11 meV/GPa 的速率向下移动”，而提取内容只记录了大小（11 meV/GPa），遗漏了方向这个关键信息。
10.10631.4919549-28.json,17,2,9,0.8947,0.6538,0.7556,Missing_Field,Implication of findings on carrier lifetime,,FN,原文得出的主要结论是，这些发现解释了为什么无镓 T2SL 具有长得多的少数载流子寿命，这是研究的核心意义，但在提取内容中被遗漏了。
10.10631.5048894-19.json,21,1,2,0.9545,0.913,0.9333,Incorrect_Field,Peak Adjacent Channel Crosstalk,-40.253,FP,原始文本指出相邻信道串扰 (AX) 是 35.696 dB。值 -40.253 dB 对应的是背景串扰 (BX)，而不是相邻信道串扰。
10.10631.5048894-19.json,21,1,2,0.9545,0.913,0.9333,Missing_Field,Design2 Transmission Characteristics,,FN,文本在图 6 中为 Design2 提供了光谱响应（传输特性），但 JSON 中遗漏了这一关键仿真结果。
10.10631.5048894-19.json,21,1,2,0.9545,0.913,0.9333,Missing_Field,Design2 Performance Parameters,,FN,文本在表 1 和讨论中为 Design2 提供了具体的性能参数（例如，插入损耗 -0.552 dB，均匀性 0.098 dB）。这些数据对于理解论文的核心结论至关重要，但在 JSON 中被遗漏了。
10.1109IBCAST.2007.4379899-14.json,18,1,6,0.9474,0.75,0.8372,Incorrect_Field,Drain Bias Voltage,1 V,FP,原始文本中声明的漏极偏置电压为 Vds=10V（写作'1OV'）。
10.1109IBCAST.2007.4379899-14.json,18,1,6,0.9474,0.75,0.8372,Missing_Field,Amplifier Class of Operation,,FN,文本指出放大器工作在 A 类模式，这是其设计和性能的一个关键细节，但这在提取内容中被忽略了。
10.1109IBCAST.2007.4379899-14.json,18,1,6,0.9474,0.75,0.8372,Missing_Field,Substrate Model,,FN,文本明确指出使用了 Rogers TMM10i 基板，但提取的 JSON 只提到了 'Rogers laminate'，遗漏了具体的型号信息。
10.1109IBCAST.2007.4379899-14.json,18,1,6,0.9474,0.75,0.8372,Missing_Field,IMD3 (Intermodulation Distortion 3rd order),,FN,表 1 提供了 IMD3 值为 -46 dBc，这是一个关键的性能指标，但在提取的 JSON 中缺失了。
10.1109IBCAST.2007.4379899-14.json,18,1,6,0.9474,0.75,0.8372,Missing_Field,Measurement Equipment (Spectrum Analyzer),,FN,文本明确指出使用了 Agilent E4407B ESA-E Series Spectrum Analyzer 进行测量，但在提取的 JSON 中遗漏了此设备。
10.1109IBCAST.2007.4379899-14.json,18,1,6,0.9474,0.75,0.8372,Missing_Field,Thermal Management Method,,FN,文本描述了使用银导电环氧树脂 EPOTECE 2116-5 将器件直接安装在金属体上以进行散热，这是一个重要的实现细节，但在提取内容中被忽略了。
10.1109IBCAST.2007.4379899-14.json,18,1,6,0.9474,0.75,0.8372,Missing_Field,Connector Type,,FN,文本指明了输入和输出使用了 50Ω 特性阻抗的 SMA 连接器，这是一个具体的实现细节，但在提取内容中被忽略了。
10.1002smll.201300134-25.json,36,0,6,1.0,0.8571,0.9231,Missing_Field,Graphene optical transparency,,FN,文本指出单层石墨烯具有 ~97.4% 的高光学透明度，这是其作为透明电极的一个关键特性，但在提取内容中被忽略了。
10.1002smll.201300134-25.json,36,0,6,1.0,0.8571,0.9231,Missing_Field,Schottky barrier comparison,,FN,文本明确指出 MoS2/石墨烯界面的肖特基势垒 (~22 meV) 与 MoS2/金属界面相当，这是一个重要的比较，但在提取内容中被遗漏了。
10.1002smll.201300134-25.json,36,0,6,1.0,0.8571,0.9231,Missing_Field,Performance recovery after bending,,FN,"文本描述了在 10,000 次弯曲循环后，器件的电学性能可以通过在 200°C 下退火 2 小时来恢复，这是一个关于器件韧性的关键发现，但在提取内容中被忽略了。"
10.1002smll.201300134-25.json,36,0,6,1.0,0.8571,0.9231,Missing_Field,Cause of electrical degradation,,FN,文本提出了电学性能下降源于吸附的水或氧分子，而非不可逆反应，这是一个关于器件失效机制的重要结论，但在提取内容中被遗漏了。
10.1002smll.201300134-25.json,36,0,6,1.0,0.8571,0.9231,Missing_Field,Charge transport scattering mechanisms,,FN,文本解释了在不同温度范围内迁移率下降的原因（离化杂质散射和声子散射），这是对 MoS2 沟道材料物理性质的重要分析，但在提取内容中被忽略了。
10.1002smll.201300134-25.json,36,0,6,1.0,0.8571,0.9231,Missing_Field,Origin of low Schottky barrier,,FN,文本分析了低肖特基势垒的可能成因，包括良好的粘附性、栅压引起的电掺杂和界面陷阱态，这是对关键实验结果的重要解释，但在提取内容中被遗漏了。
10.110922.64574-29.json,55,3,1,0.9483,0.9821,0.9649,Incorrect_Field,Output Impedance,Less than -11 dB,FP,原文指出 S11 小于 -11 dB，这是回波损耗的度量，而不是输出阻抗本身。
10.110922.64574-29.json,55,3,1,0.9483,0.9821,0.9649,Missing_Field,Gain-Controllable Amplifier Performance Metrics,,FN,文本提供了关于增益可控放大器的关键性能数据，包括最大增益（15 dB）、增益动态范围（25 dB）、3 dB 带宽（6.1 GHz）和饱和输出功率，但这些在提取的 JSON 中缺失了。
10.110922.64574-29.json,55,3,1,0.9483,0.9821,0.9649,Incorrect_Field,Isolation Among Outputs,Better than 0.5 dB difference,FP,原文指出三个输出之间的增益差异小于 0.5 dB，而不是隔离度。隔离度是输出端口之间信号衰减的度量。
10.110922.64574-29.json,55,3,1,0.9483,0.9821,0.9649,Incorrect_Field,Output Power,5 dBm,FP,原文没有提供 AMPB（使用电阻的三路分配器主放大器）的输出功率。该值似乎是从 AMPA 错误复制的。
10.1002mop.32118-6.json,19,0,5,1.0,0.7917,0.8837,Missing_Field,Q-switching repetition rate and pump power range,,FN,文本指出Q开关频率从47.0 kHz到66.0 kHz可调，对应于泵浦功率从51.0 mW增加到88.1 mW，但提取的JSON只提到了一个单一的66.0 kHz频率。
10.1002mop.32118-6.json,19,0,5,1.0,0.7917,0.8837,Missing_Field,Maximum pulse energy and minimum pulse width,,FN,文本报告了在88.1 mW泵浦功率下获得的关键性能指标：26 nJ的最大脉冲能量和5.6 μs的最小脉冲宽度，但这些在提取的JSON中缺失了。
10.1002mop.32118-6.json,19,0,5,1.0,0.7917,0.8837,Missing_Field,Slope efficiency,,FN,文本提到激光器的斜率效率约为1.76%，这是一个关键性能指标，但在提取的JSON中被忽略了。
10.1002mop.32118-6.json,19,0,5,1.0,0.7917,0.8837,Missing_Field,Damage threshold of the SA,,FN,文本指出Sm₂O₃ PVA薄膜的损伤阈值高于200 mW，这是评估SA性能的重要参数，但在提取的JSON中缺失了。
10.1002mop.32118-6.json,19,0,5,1.0,0.7917,0.8837,Missing_Field,RF spectrum signal-to-noise ratio (SNR),,FN,文本报告了来自RF频谱分析的45 dB信噪比（SNR），作为激光器稳定性的关键指标，但此信息在提取的JSON中缺失。
10.1021acs.nanolett.1c02074-5.json,82,8,5,0.9111,0.9425,0.9266,Incorrect_Field,system_name,Reference Perovskite Film (five-photon process),FP,原始文本仅讨论了双光子、三光子和四光子过程，没有提及或研究五光子过程。
10.1021acs.nanolett.1c02074-5.json,82,8,5,0.9111,0.9425,0.9266,Incorrect_Field,system_name,Reference Perovskite Film (six-photon process),FP,原始文本仅讨论了双光子、三光子和四光子过程，没有提及或研究六光子过程。
10.1021acs.nanolett.1c02074-5.json,82,8,5,0.9111,0.9425,0.9266,Incorrect_Field,system_name,Reference Perovskite Film (seven-photon process),FP,原始文本仅讨论了双光子、三光子和四光子过程，没有提及或研究七光子过程。
10.1021acs.nanolett.1c02074-5.json,82,8,5,0.9111,0.9425,0.9266,Incorrect_Field,system_name,Reference Perovskite Film (eight-photon process),FP,原始文本仅讨论了双光子、三光子和四光子过程，没有提及或研究八光子过程。
10.1021acs.nanolett.1c02074-5.json,82,8,5,0.9111,0.9425,0.9266,Incorrect_Field,system_name,Reference Perovskite Film (nine-photon process),FP,原始文本仅讨论了双光子、三光子和四光子过程，没有提及或研究九光子过程。
10.1021acs.nanolett.1c02074-5.json,82,8,5,0.9111,0.9425,0.9266,Incorrect_Field,system_name,Reference Perovskite Film (ten-photon process),FP,原始文本仅讨论了双光子、三光子和四光子过程，没有提及或研究十光子过程。
10.1021acs.nanolett.1c02074-5.json,82,8,5,0.9111,0.9425,0.9266,Incorrect_Field,system_name,Reference Perovskite Film (eleven-photon process),FP,原始文本仅讨论了双光子、三光子和四光子过程，没有提及或研究十一光子过程。
10.1021acs.nanolett.1c02074-5.json,82,8,5,0.9111,0.9425,0.9266,Incorrect_Field,system_name,Reference Perovskite Film (twelve-photon process),FP,原始文本仅讨论了双光子、三光子和四光子过程，没有提及或研究十二光子过程。
10.1021acs.nanolett.1c02074-5.json,82,8,5,0.9111,0.9425,0.9266,Missing_Field,Mechanism of mode overlap enhancement,,FN,文本将受激发射与激发模式之间重叠的显著增加确定为增强效应的关键原因之一，但这一核心机理在提取的JSON中被忽略了。
10.1021acs.nanolett.1c02074-5.json,82,8,5,0.9111,0.9425,0.9266,Missing_Field,Role of two-photon absorption selection rules,,FN,文本将钙钛矿中双光子吸收的选择定则确定为导致增强效应和不同发射动力学的关键因素，但这一重要信息在提取的JSON中缺失了。
10.1021acs.nanolett.1c02074-5.json,82,8,5,0.9111,0.9425,0.9266,Missing_Field,Emission wavelength,,FN,文本报告了光致发光发射峰的中心波长为530 nm，这是一个关键的实验结果，但在提取的JSON中没有被捕获。
10.1021acs.nanolett.1c02074-5.json,82,8,5,0.9111,0.9425,0.9266,Missing_Field,Pump wavelengths,,FN,关键的实验泵浦波长（用于双光子过程的650 nm和用于单光子过程的400 nm）在提取的JSON的性能指标中没有被明确说明。
10.1021acs.nanolett.1c02074-5.json,82,8,5,0.9111,0.9425,0.9266,Missing_Field,Time-resolved photoluminescence data,,FN,文本提供了关键的时间分辨光致发光数据（例如，在15 K下的寿命），以支持关于选择定则的结论，但这些数据在提取的JSON中缺失了。
10.1016j.msea.2018.08.005-7.json,74,6,4,0.925,0.9487,0.9367,Incorrect_Field,Pore size in bundles,Ca. 150 μm,FP,原始文本中描述了纤维束内和纤维束间两种孔隙类型的存在，但并未提供纤维束内孔隙的具体尺寸数值。
10.1016j.msea.2018.08.005-7.json,74,6,4,0.925,0.9487,0.9367,Incorrect_Field,Pore size in bundles,Ca. 150 μm,FP,原始文本中描述了纤维束内和纤维束间两种孔隙类型的存在，但并未提供纤维束内孔隙的具体尺寸数值。
10.1016j.msea.2018.08.005-7.json,74,6,4,0.925,0.9487,0.9367,Incorrect_Field,Pore size in bundles,Ca. 150 μm,FP,原始文本中描述了纤维束内和纤维束间两种孔隙类型的存在，但并未提供纤维束内孔隙的具体尺寸数值。
10.1016j.msea.2018.08.005-7.json,74,6,4,0.925,0.9487,0.9367,Incorrect_Field,Interlaminar shear strength,Double-notch compression test,FP,原始文本仅在高温（1000°C）下的层间剪切强度测试中明确提到了双切口压缩法，而室温下的测试方法并未说明。
10.1016j.msea.2018.08.005-7.json,74,6,4,0.925,0.9487,0.9367,Incorrect_Field,Interlaminar shear strength,Double-notch compression test,FP,原始文本仅在高温（1000°C）下的层间剪切强度测试中明确提到了双切口压缩法，而室温下的测试方法并未说明。
10.1016j.msea.2018.08.005-7.json,74,6,4,0.925,0.9487,0.9367,Incorrect_Field,Interlaminar shear strength,Double-notch compression test,FP,原始文本仅在高温（1000°C）下的层间剪切强度测试中明确提到了双切口压缩法，而室温下的测试方法并未说明。
10.1016j.msea.2018.08.005-7.json,74,6,4,0.925,0.9487,0.9367,Missing_Field,High-temperature performance improvement percentage over baseline,,FN,文本摘要中明确指出，在1000°C下，含有SiC纳米线的复合材料的弯曲强度和断裂韧性分别比传统Cf/SiC高13.2%和16.1%，这个关键的量化对比结论在提取内容中被遗漏了。
10.1016j.msea.2018.08.005-7.json,74,6,4,0.925,0.9487,0.9367,Missing_Field,Main mechanism for property improvement,,FN,文本在结论部分总结，力学性能的改善主要归因于SiC纳米线对裂纹的偏转、桥接以及拔出和断裂。这个核心机理是理解材料性能提升的关键，但在提取内容中被忽略了。
10.1016j.msea.2018.08.005-7.json,74,6,4,0.925,0.9487,0.9367,Missing_Field,Interlaminar shear strength growth rate,,FN,文本在3.2.1节中指出，Cf/SiC-SiC nw复合材料的层间剪切强度与Cf/SiC相比，增长率不显著（12.0%）。这个对性能提升幅度进行量化的关键信息在提取内容中被遗漏了。
10.1016j.msea.2018.08.005-7.json,74,6,4,0.925,0.9487,0.9367,Missing_Field,Reason for lower high-temperature flexural strength of Cf/SiC-SiC nw,,FN,文本在3.3.3节中解释了为什么Cf/SiC-SiC nw的高温弯曲强度略低于Cf/SiC-SiC nw/PyC，即因为在“基体扩展”模式下SiC纳米线未起到承载和硬化作用。这个对实验数据差异的解释是一个重要的发现，但在提取内容中被忽略了。
10.1002pssr.202100036-15.json,41,8,3,0.8367,0.9318,0.8817,Incorrect_Field,Surface Complex Conductivity,"σg(ω, μc, τ, T) = e²(Ef + iτ/τ₀)(ω + iτ/τ₀)/πℏ²(ω + iτ/τ₀)²",FP,原始文本中的公式(1)是一个复杂的积分表达式，与JSON中提取的简化公式完全不同。
10.1002pssr.202100036-15.json,41,8,3,0.8367,0.9318,0.8817,Incorrect_Field,Intraband Conductivity,σintra = ie²Ef/(πℏ²(ω + iτ/τ₀)),FP,原始文本中的公式(2)为σintra=ie²Ef/(πℏ²(ω+iτ⁻¹))，JSON中的公式错误地包含了τ₀。
10.1002pssr.202100036-15.json,41,8,3,0.8367,0.9318,0.8817,Incorrect_Field,Interband Conductivity,σinter = e²/(4π²ℏ²(ω + iτ/τ₀)) ∫∞0 ε/(ε² + (ℏω + iτ/τ₀)²) dε,FP,原始文本中的公式(3)是一个包含对数函数的表达式，与JSON中提取的积分公式完全不同。
10.1002pssr.202100036-15.json,41,8,3,0.8367,0.9318,0.8817,Incorrect_Field,Total Complex Conductivity,σtotal = σintra = e²Ef/(πℏ²(ω + iτ/τ₀)),FP,原始文本中的公式(4)为σ(ω)=e²Ef/(πℏ²i(ω+iτ⁻¹))，JSON中的公式在分母中缺少虚数单位i。
10.1002pssr.202100036-15.json,41,8,3,0.8367,0.9318,0.8817,Incorrect_Field,Carrier Relaxation Time,τ = μEf/e²v²F,FP,原始文本指出τ=μEf/(e*vF²)，JSON中的公式在分母中错误地多了一个e。
10.1002pssr.202100036-15.json,41,8,3,0.8367,0.9318,0.8817,Incorrect_Field,Scattering Rate,Γ = 2τ,FP,原始文本指出τ⁻¹=2Γ，这意味着Γ=1/(2τ)，而不是2τ。
10.1002pssr.202100036-15.json,41,8,3,0.8367,0.9318,0.8817,Incorrect_Field,Plasmon-Induced Transparency (PIT),Obvious PIT transmission window at 3.142 and 4.980 THz,FP,原始文本中图2a的图注指出两个共振谷的频率分别为3.712 THz和4.714 THz，这与图1a图注中提到的3.142和4.980 THz相矛盾，JSON提取了与更详细数据不一致的值。
10.1002pssr.202100036-15.json,41,8,3,0.8367,0.9318,0.8817,Incorrect_Field,Resonant Frequencies,"2.53, 3.14, 4.07, and 4.98 THz (for μ = 5 m²V/s)",FP,原始文本在图5的图注中明确指出，这些共振频率是在载流子迁移率μ=1 m²V⁻¹s⁻¹的条件下得到的，而非μ=5 m²V⁻¹s⁻¹。
10.1002pssr.202100036-15.json,41,8,3,0.8367,0.9318,0.8817,Missing_Field,PIT Physical Mechanism,,FN,原始文本明确指出，PIT现象是由两个亮模式之间的破坏性干扰效应引起的，并使用亮-亮模式理论进行解释，这是理解该现象的核心物理机制，但在JSON中被遗漏。
10.1002pssr.202100036-15.json,41,8,3,0.8367,0.9318,0.8817,Missing_Field,Advantages of Graphene SPPs,,FN,原始文本提到石墨烯SPPs具有低损耗和显著减慢光速的优点，这是选择该材料进行应用的根本原因，但在JSON中未被提及。
10.1002pssr.202100036-15.json,41,8,3,0.8367,0.9318,0.8817,Missing_Field,FDTD Boundary Conditions,,FN,原始文本详细说明了时域有限差分(FDTD)模拟中使用的边界条件（x、y轴为周期性边界，z轴为完美匹配层吸收边界），这是确保模拟结果准确性的关键设置，但在JSON中被忽略。
10.1002pssr.202100036-15.json,41,8,3,0.8367,0.9318,0.8817,Missing_Field,Effect of Fermi Level on Quality Factor Q,,,
10.1016j.mssp.2018.01.024-39.json,67,3,4,0.9571,0.9437,0.9504,Incorrect_Field,Efficiency Enhancement Ratio (ER),1.28,FP,原始文本指出，实验测得的LOP增强比率(ER)为1.28，而图6(c)显示的模拟效率ER在370nm处约为1.22。JSON错误地将实验值归因于模拟结果。
10.1016j.mssp.2018.01.024-39.json,67,3,4,0.9571,0.9437,0.9504,Incorrect_Field,Efficiency Enhancement Ratio (ER),1.15,FP,原始文本指出，实验测得的LOP增强比率(ER)为1.15，而图6(c)显示的模拟效率ER在430nm处约为0.91。JSON错误地将实验值归因于模拟结果。
10.1016j.mssp.2018.01.024-39.json,67,3,4,0.9571,0.9437,0.9504,Incorrect_Field,Efficiency Enhancement Ratio (ER),1.41,FP,原始文本指出，实验测得的LOP增强比率(ER)为1.41，而图6(c)显示的模拟效率ER在550nm处约为1.13。JSON错误地将实验值归因于模拟结果。
10.1016j.mssp.2018.01.024-39.json,67,3,4,0.9571,0.9437,0.9504,Missing_Field,Reason for forward voltage reduction,,FN,文本解释了正向电压的降低是由于SiO2 ICP干法蚀刻过程中的CF4等离子体增强了ITO层的电流扩展能力，这一关键解释在JSON中缺失。
10.1016j.mssp.2018.01.024-39.json,67,3,4,0.9571,0.9437,0.9504,Missing_Field,Reason for higher initial LOP in blue LEDs,,FN,文本解释了蓝光LED的原始LOP高于紫外和绿光LED，主要归因于其InGaN/GaN多量子阱有更高的内量子效率，这一关键解释在JSON中缺失。
10.1016j.mssp.2018.01.024-39.json,67,3,4,0.9571,0.9437,0.9504,Missing_Field,Mechanisms of light extraction enhancement by PhCs,,FN,文本详细阐述了光子晶体提高光提取效率的三个主要机制（光子带隙的横向传播抑制、布拉格光栅的多次衍射效应、打破全内反射的漫散射），这些核心机制解释在JSON中完全缺失。
10.1016j.mssp.2018.01.024-39.json,67,3,4,0.9571,0.9437,0.9504,Missing_Field,Conclusion on wavelength dependence of LOP enhancement,,FN,文本明确指出LOP的增强与发射波长有很强的依赖关系，并定性一致于FDTD模拟结果。虽然JSON包含了具体数值，但遗漏了这一关键结论性陈述。
10.1016j.sse.2013.10.004-26.json,0,0,0,0.0,0.0,0.0,,,,,
10.1039c0jm00611d-3.json,0,0,0,0.0,0.0,0.0,,,,,
10.1016j.sna.2013.04.011-23.json,17,1,5,0.9444,0.7727,0.85,Incorrect_Field,Resonant Frequency Variation,Increases with increasing attached mass,FP,原文指出，对于有缺陷的纳米管，共振频率随附着质量的增加而减小（如图8-11所示），而不是增加。
10.1016j.sna.2013.04.011-23.json,17,1,5,0.9444,0.7727,0.85,Missing_Field,Finite Element Model Beam Properties,,FN,原文在表1中提供了有限元模型梁单元的关键参数（长度、杨氏模量、泊松比、直径），这些是建立原子模型的基础，但在JSON中缺失。
10.1016j.sna.2013.04.011-23.json,17,1,5,0.9444,0.7727,0.85,Missing_Field,Atomic Masses of Boron and Nitrogen,,FN,原文提供了硼（1.7950 x 10^-26 kg）和氮（2.3258 x 10^-26 kg）原子核的质量，这些是有限元模型中点质量的来源，但JSON中未包含。
10.1016j.sna.2013.04.011-23.json,17,1,5,0.9444,0.7727,0.85,Missing_Field,Model Validation Method,,FN,"原文明确指出，通过比较有限元模型与连续介质力学在多种纵横比（5, 10, 15, 20）下的结果来验证模型，这一关键验证过程在JSON中未被提及。"
10.1016j.sna.2013.04.011-23.json,17,1,5,0.9444,0.7727,0.85,Missing_Field,Resonant Frequency Shift Definition,,FN,原文定义了用于分析缺陷影响的共振频率偏移公式 (ΔF = F_无缺陷 - F_有缺陷)，这是连接模拟结果与缺陷识别算法的核心概念，但在JSON中缺失。
10.1016j.sna.2013.04.011-23.json,17,1,5,0.9444,0.7727,0.85,Missing_Field,Effect of Defect Position on Resonant Frequency,,FN,原文的一个核心发现是，当点缺陷从固定端移向自由端时，共振频率会增加，这一关键趋势在JSON的性能指标中未被捕捉。
10.3390nano10061111-17.json,63,3,5,0.9545,0.9265,0.9403,Incorrect_Field,Thickness,Same as HNA (600 nm),FP,原文指出薄膜对应物与HNA具有相同的厚度，该厚度由纳米线直径（180 nm）定义，而不是600 nm的衬底厚度。
10.3390nano10061111-17.json,63,3,5,0.9545,0.9265,0.9403,Incorrect_Field,Open-Circuit Voltage,Not specified (calculated from I-V curve),FP,原文明确指出AE-HNA结构的开路电压（V_oc）为0.91 V，短路电流（I_sc）为183 pA。
10.3390nano10061111-17.json,63,3,5,0.9545,0.9265,0.9403,Incorrect_Field,Short-Circuit Current,Not specified (calculated from I-V curve),FP,原文明确指出AE-HNA结构的开路电压（V_oc）为0.91 V，短路电流（I_sc）为183 pA。
10.3390nano10061111-17.json,63,3,5,0.9545,0.9265,0.9403,Missing_Field,Efficiency comparison with thin-film counterpart,,FN,原文指出HNA的效率（10.8%）是相同厚度薄膜对应物的两倍多，这是一个关键的性能比较，但在HNA的JSON中被遗漏了。
10.3390nano10061111-17.json,63,3,5,0.9545,0.9265,0.9403,Missing_Field,Reason for low thin-film efficiency,,FN,原文解释了薄膜效率低的原因：光在到达有源区之前被顶部p层吸收，而该区域缺乏电场，导致载流子复合。这个关键解释被遗漏了。
10.3390nano10061111-17.json,63,3,5,0.9545,0.9265,0.9403,Missing_Field,"Specific performance values (V_oc, I_sc) for AE-HNA",,FN,原文提供了AE-HNA结构的具体性能值：V_oc为0.91 V，I_sc为183 pA。这些关键数据点在JSON中被遗漏了。
10.3390nano10061111-17.json,63,3,5,0.9545,0.9265,0.9403,Missing_Field,Efficiency comparison for AE-HNA,,FN,原文指出AE-HNA的效率（18%）比HNA高1.7倍，比薄膜对应物高3.7倍。这个关键比较被遗漏了。
10.3390nano10061111-17.json,63,3,5,0.9545,0.9265,0.9403,Missing_Field,Efficiency considering void space for AE-HNA,,FN,原文提到了一个次要但重要的性能指标：即使考虑空隙，AE-HNA的效率仍为7.2%，比薄膜对应物高1.5倍。这个数据点被遗漏了。
10.1016j.matlet.2018.11.096-9.json,58,10,0,0.8529,1.0,0.9206,Incorrect_Field,Average size,50 µm × 5 µm,FP,原始文本指出 LGO 的平均尺寸约为 50 µm × 50 µm（从 '50 lm*5 0 lm' 推断），而非 50 µm × 5 µm。
10.1016j.matlet.2018.11.096-9.json,58,10,0,0.8529,1.0,0.9206,Incorrect_Field,Thickness,24.1 nm,FP,原始文本指出 LGO 的厚度约为 1.1 nm，而非 24.1 nm。
10.1016j.matlet.2018.11.096-9.json,58,10,0,0.8529,1.0,0.9206,Incorrect_Field,ID/IG ratio,0.94,FP,根据原始文本中的表 1，LGO 的 ID/IG 比值为 0.95，而非 0.94。
10.1016j.matlet.2018.11.096-9.json,58,10,0,0.8529,1.0,0.9206,Incorrect_Field,Crystalline graphitic domain size (La),160.27 nm,FP,原始文本中 160.27 nm 是 g-LGO (石墨化后) 的晶粒尺寸，而非 LGO (石墨化前) 的属性。
10.1016j.matlet.2018.11.096-9.json,58,10,0,0.8529,1.0,0.9206,Incorrect_Field,Oriented extent (R),0.87,FP,根据原始文本中的表 1，LGO 的取向度 (R) 为 0.90，而非 0.87。
10.1016j.matlet.2018.11.096-9.json,58,10,0,0.8529,1.0,0.9206,Incorrect_Field,Elemental composition,"C: 61.55%, O: 38.45%",FP,该值来源于原始文本正文之外的补充材料（图 S5），违反了不添加外部信息的规则。
10.1016j.matlet.2018.11.096-9.json,58,10,0,0.8529,1.0,0.9206,Incorrect_Field,Average size,10 µm × 1 µm,FP,原始文本指出 SGO 的平均尺寸约为 10 µm × 10 µm（从 '10lm*1 0 lm' 推断），而非 10 µm × 1 µm。
10.1016j.matlet.2018.11.096-9.json,58,10,0,0.8529,1.0,0.9206,Incorrect_Field,Crystalline graphitic domain size (La),180.23 nm,FP,原始文本中未提及 SGO 的晶粒尺寸。
10.1016j.matlet.2018.11.096-9.json,58,10,0,0.8529,1.0,0.9206,Incorrect_Field,Crystalline graphitic domain size (La),274.64 nm,FP,原始文本指出 g-LGO 的晶粒尺寸为 160.27 nm，而 274.64 nm 是 g-LGO/PI 的值。
10.1016j.matlet.2018.11.096-9.json,58,10,0,0.8529,1.0,0.9206,Incorrect_Field,Crystalline graphitic domain size (La),276.51 nm,FP,原始文本中未提及 g-SGO 或 g-SGO/PI 的晶粒尺寸。
10.1016j.matlet.2018.11.096-9.json,58,10,0,0.8529,1.0,0.9206,Missing_Field,Key synthesis method for LGO,,,
10.1016j.sse.2007.09.022-27.json,39,1,4,0.975,0.907,0.9398,Incorrect_Field,Switching Loss,0.86 W/mm,FP,原始文本中，在2 GHz (Vdc=50V) 条件下的开关损耗值为 0.861 W/mm，而非 0.86 W/mm。
10.1016j.sse.2007.09.022-27.json,39,1,4,0.975,0.907,0.9398,Missing_Field,Simulation Technique Details,,FN,文本详细描述了仿真技术的核心：在栅极施加10%占空比的方波脉冲，在漏极施加正弦波，并且该正弦波在更高谐波频率下起到短路作用。这是论文方法的核心，但在JSON中被忽略。
10.1016j.sse.2007.09.022-27.json,39,1,4,0.975,0.907,0.9398,Missing_Field,Advantage of the New Technique,,FN,文本明确指出了该新仿真技术的一个关键优点是“不需要匹配和其他集总元件网络”，这是一个重要的结论，但在JSON中未被提及。
10.1016j.sse.2007.09.022-27.json,39,1,4,0.975,0.907,0.9398,Missing_Field,Causal Link for Performance Degradation,,FN,文本明确指出，电子电流密度和过剩存储电荷的增加是导致开关损耗增加和效率降低的主要原因。这个关键的因果关系结论在JSON中缺失，只列出了数据点。
10.1016j.sse.2007.09.022-27.json,39,1,4,0.975,0.907,0.9398,Missing_Field,Conclusion on Technique's Impact,,FN,文本的总结部分指出，该技术“推进了计算机辅助设计技术，用于评估不同类别放大器（C类-F类）中晶体管的开关行为”，这是对研究贡献的重要评价，但在JSON中缺失。
10.1016j.nima.2005.01.169-37.json,56,9,3,0.8615,0.9492,0.9032,Incorrect_Field,Interatomic Distance,Twenty-third shell Ga-N interatomic distance,FP,原始文本（表1）仅列出了8个配位层，提取的JSON中超过第8层的条目（如第23层）是重复和捏造的。
10.1016j.nima.2005.01.169-37.json,56,9,3,0.8615,0.9492,0.9032,Missing_Field,Conclusion on Structure for GaN/AlN,,FN,文本得出的结论是GaN/AlN异质结构包含具有强弹性应变的二维岛，但这一主要发现在提取的JSON中被忽略了。
10.1016j.nima.2005.01.169-37.json,56,9,3,0.8615,0.9492,0.9032,Incorrect_Field,Interatomic Distance,2.58 Å,FP,原始文本指出2.58 Å是InAs/AlAs异质结构中第一壳层的数值，而不是体相InAs的值（表2中为2.623 Å）。
10.1016j.nima.2005.01.169-37.json,56,9,3,0.8615,0.9492,0.9032,Incorrect_Field,Interatomic Distance,3.99 Å,FP,原始文本指出3.99 Å是InAs/AlAs异质结构中第二壳层的数值，而不是体相InAs的值（表2中为4.284 Å）。
10.1016j.nima.2005.01.169-37.json,56,9,3,0.8615,0.9492,0.9032,Incorrect_Field,Debye-Waller Factor,0.022 Å²,FP,原始文本指出0.022 Å²是InAs/AlAs异质结构中第二壳层的德拜-瓦勒因子，而不是体相InAs的值。
10.1016j.nima.2005.01.169-37.json,56,9,3,0.8615,0.9492,0.9032,Incorrect_Field,Coordination Number,24.2,FP,原始文本指出配位数42.0是InAs/AlAs异质结构的值，而不是体相InAs的值，且提取的JSON中的数值（24.2）也与原文不符。
10.1016j.nima.2005.01.169-37.json,56,9,3,0.8615,0.9492,0.9032,Missing_Field,Bulk InAs Structural Parameters,,FN,提取的JSON完全遗漏了表2中体相InAs的结构参数，例如第一壳层的2.623 Å和第二壳层的4.284 Å，这些是作为比较基准的关键数据。
10.1016j.nima.2005.01.169-37.json,56,9,3,0.8615,0.9492,0.9032,Incorrect_Field,Interatomic Distance,2.54 Å,FP,原始文本明确指出InAs/AlAs异质结构的第一壳层距离为2.58 Å，而非2.54 Å。
10.1016j.nima.2005.01.169-37.json,56,9,3,0.8615,0.9492,0.9032,Incorrect_Field,Debye-Waller Factor,0.022 Å²,FP,原始文本指出0.022 Å²是第二壳层的德拜-瓦勒因子，而第一壳层的值是0.006 Å²。
10.1016j.nima.2005.01.169-37.json,56,9,3,0.8615,0.9492,0.9032,Incorrect_Field,Interatomic Distance,3.69 Å,FP,原始文本明确指出InAs/AlAs异质结构的第二壳层距离为3.99 Å，而非3.69 Å。
10.1016j.nima.2005.01.169-37.json,56,9,3,0.8615,0.9492,0.9032,Incorrect_Field,Coordination Number,24.2,FP,原始文本明确指出InAs/AlAs异质结构的配位数为42.0，而非24.2。
10.1016j.nima.2005.01.169-37.json,56,9,3,0.8615,0.9492,0.9032,Missing_Field,Conclusion on Structure for InAs/AlAs,,FN,文本得出的结论是InAs/AlAs异质结构包含具有微观结构不均匀性的三维岛，但这一主要发现在提取的JSON中被忽略了。
10.1002aelm.202100369-20.json,26,1,5,0.963,0.8387,0.8966,Incorrect_Field,Model Types,"Flat model, convex models with radius of curvature ρ of -1, 1, and 2 mm, and concave models with radius of curvature ρ of -1, 1, and 2 mm",FP,原文描述了一个平面模型、一个凸面模型（ρ = -1 mm）和两个凹面模型（ρ = 1 mm 和 2 mm），而不是每种曲率都有凸面和凹面模型。
10.1002aelm.202100369-20.json,26,1,5,0.963,0.8387,0.8966,Missing_Field,SIW 传播机制和模式,,FN,文本的核心发现是 SIW 从高压电极开始，以由电势梯度决定的花瓣模式向接地电极传播，并在接地电极上方合并。这一关键机制在 JSON 中被遗漏了。
10.1002aelm.202100369-20.json,26,1,5,0.963,0.8387,0.8966,Missing_Field,弯曲对 SIW 传播外观的影响,,FN,一个主要结论是，虽然弯曲会影响电子密度和温度，但它“does not influence the overall appearance of SIWs propagation”（不影响 SIW 传播的整体外观）。这一重要发现未被捕获。
10.1002aelm.202100369-20.json,26,1,5,0.963,0.8387,0.8966,Missing_Field,正负放电的相互依赖性,,FN,文本解释了负放电是由正放电过程中在聚酰亚胺表面积累的电荷引起的。这一基本原理在 JSON 中缺失。
10.1002aelm.202100369-20.json,26,1,5,0.963,0.8387,0.8966,Missing_Field,花瓣模式的成因,,FN,文本指出，SIW 的花瓣状传播是由“sharp gradient of electric potential”（电势的急剧梯度）决定的。这一因果解释在 JSON 中被遗漏了。
10.1002aelm.202100369-20.json,26,1,5,0.963,0.8387,0.8966,Missing_Field,活性重粒子 O₂(a¹Δg) 的特性,,FN,文本描述了重要活性粒子 O₂(a¹Δg) 的产生、传播和作用，它在材料加工和生物医学应用中起主要作用。这种关键粒子的信息在 JSON 中完全缺失。
10.1016j.apsusc.2018.07.197-12.json,36,2,6,0.9474,0.8571,0.9,Incorrect_Field,Photo-to-Dark Current Ratio,"remark: ""At Vd = -1.0 V and Pint = 0.015 mW/cm²""",FP,原文指出，Al器件1.6 × 10⁴的光暗电流比是在28.18 mW/cm²的光强下测得的，而不是0.015 mW/cm²。
10.1016j.apsusc.2018.07.197-12.json,36,2,6,0.9474,0.8571,0.9,Incorrect_Field,Photo-to-Dark Current Ratio,"remark: ""At Vd = -15 V and Pint = 28.18 mW/cm²""",FP,原文图6(b)显示，Au器件的光暗电流比是在-1.0 V的偏压下测量的，而不是-15 V。
10.1016j.apsusc.2018.07.197-12.json,36,2,6,0.9474,0.8571,0.9,Missing_Field,光响应度与入射光强度的关系,,FN,原文描述了光响应度随入射光强度的变化规律（在低光强下迅速下降，在高光强下趋于饱和），这是理解器件性能的关键发现，但在提取内容中被忽略了。
10.1016j.apsusc.2018.07.197-12.json,36,2,6,0.9474,0.8571,0.9,Missing_Field,Au器件性能提升的机理,,FN,原文解释了Au器件性能优于Al器件的原因，归因于更低的暗电流和pentacene-MoO3界面更高效的激子分离，这是研究的核心结论之一，但在提取内容中被遗漏了。
10.1016j.apsusc.2018.07.197-12.json,36,2,6,0.9474,0.8571,0.9,Missing_Field,器件工作机理,,FN,原文通过能级图详细解释了在反向偏压下，MoS2/并五苯异质结光电二极管的光生激子产生、扩散和分离过程，这是理解器件功能的基础，但在提取内容中缺失了。
10.1016j.apsusc.2018.07.197-12.json,36,2,6,0.9474,0.8571,0.9,Missing_Field,与文献报道器件的性能对比,,FN,原文将所制备器件的性能与多种基于并五苯、MoS2及其他有机材料的光电二极管进行了详细比较，以突显其优越性，这一重要背景信息在提取内容中被忽略了。
10.1016j.apsusc.2018.07.197-12.json,36,2,6,0.9474,0.8571,0.9,Missing_Field,MoS2的吸收主导波长范围,,FN,原文明确指出单层MoS2的光吸收主要集中在400-500 nm的蓝光波长区域，这是其关键的物理特性，但在提取内容中被遗漏了。
10.1016j.apsusc.2018.07.197-12.json,36,2,6,0.9474,0.8571,0.9,Missing_Field,材料的电荷载流子迁移率,,FN,原文提到了并五苯的空穴迁移率（0.38–1.7 cm²/Vs）和单层MoS2的电子迁移率（1–480 cm²/Vs），这些是构成异质结的关键材料的重要性能参数，但在提取内容中被忽略了。
10.1016j.applthermaleng.2015.12.056-33.json,116,9,5,0.928,0.9587,0.9431,Incorrect_Field,components.PMCD-32SP (MPCM).properties.Latent heat,193,FP,原始文本的表 1 指出 PMCD-32SP 的潜热为 140-160 kJ/kg，而不是 193 kJ/kg。
10.1016j.applthermaleng.2015.12.056-33.json,116,9,5,0.928,0.9587,0.9431,Incorrect_Field,components.PMCD-32SP (MPCM).properties.Density,950,FP,原始文本的表 1 指出 PMCD-32SP 的堆密度为 300-600 kg/m³，而不是 950 kg/m³。
10.1016j.applthermaleng.2015.12.056-33.json,116,9,5,0.928,0.9587,0.9431,Incorrect_Field,components.PMCD-32SP (MPCM).properties.Specific heat,2.05,FP,原始文本的表 1 指出 PMCD-32SP 的比热容为 1.6 kJ/kg-K，而不是 2.05 kJ/kg-K。
10.1016j.applthermaleng.2015.12.056-33.json,116,9,5,0.928,0.9587,0.9431,Incorrect_Field,components.PMCD-32SP (MPCM).properties.Thermal conductivity,0.2,FP,原始文本的表 1 或其他地方均未提供 PMCD-32SP 的热导率值。
10.1016j.applthermaleng.2015.12.056-33.json,116,9,5,0.928,0.9587,0.9431,Incorrect_Field,components.Nuts and bolts.properties,"{""name"": ""Thermal conductivity"", ""value"": ""100"", ""unit"": ""W/m-K""}, {""name"": ""Specific heat"", ""value"": ""500"", ""unit"": ""J/kg-K""}, {""name"": ""Density"", ""value"": ""8000"", ""unit"": ""kg/m³""}",FP,原始文本的表 3 指出钢（用于螺栓和螺母）的热导率为 16.3 W/m-K，比热容为 0.461 kJ/kg-K，密度为 7830 kg/m³。提取的值不正确。
10.1016j.applthermaleng.2015.12.056-33.json,116,9,5,0.928,0.9587,0.9431,Incorrect_Field,components.Inner air.properties,"{""name"": ""Thermal conductivity"", ""value"": ""0.024"", ""unit"": ""W/m-K"", ""source"": ""Table 3""}, {""name"": ""Specific heat"", ""value"": ""1005"", ""unit"": ""J/kg-K"", ""source"": ""Table 3""}, {""name"": ""Density"", ""value"": ""1.2"", ""unit"": ""kg/m³"", ""source"": ""Table 3""}",FP,原始文本的表 3 中没有列出内部空气的属性。提取的值被错误地引用自表 3。
10.1016j.applthermaleng.2015.12.056-33.json,116,9,5,0.928,0.9587,0.9431,Incorrect_Field,components.PCM sheet.properties.Dimensions,25 × 25 × 4,FP,"对于小型、中型和大型 PCM 片系统（5.10g, 7.22g, 9.86g），原始文本的表 2 指出其尺寸分别为 100×50×1.60 mm、100×50×2.10 mm 和 100×50×2.45 mm。提取的尺寸 25×25×4 mm 来自另一个实验，并且是错误的。"
10.1016j.applthermaleng.2015.12.056-33.json,116,9,5,0.928,0.9587,0.9431,Incorrect_Field,performance_metrics.Maximum temperature rise,"""最低 among all test conditions""",FP,对于厚 PCM 片系统，原始文本的图 12 显示，带铜片的厚 PCM 片系统的加热器最大温升低于不带铜片的厚 PCM 片系统。因此，'厚 PCM 片系统'的温升并非所有条件中最低的。
10.1016j.applthermaleng.2015.12.056-33.json,116,9,5,0.928,0.9587,0.9431,Incorrect_Field,components.Polyethylene (PE).properties.Density,"""与 PCM 片相同""",FP,原始文本指出 PCM 和 PE 具有相同的热容量（比热容），但并未说明它们的密度相同。
10.1016j.applthermaleng.2015.12.056-33.json,116,9,5,0.928,0.9587,0.9431,Missing_Field,铜片组件及其属性,,FN,原始文本描述了在 PCM 片上使用铜片作为高导热材料，并展示了其对热管理的显著影响（结论 5）。提取的 JSON 提到了带铜片的系统，但完全缺少铜片作为组件及其属性（例如 0.08 mm 的厚度）。
10.1016j.applthermaleng.2015.12.056-33.json,116,9,5,0.928,0.9587,0.9431,Missing_Field,PCM 片的最终估算热物理性质,,FN,原始文本的表 4 提供了用于仿真的 PCM 片的最终估算物理性质（密度 846 kg/m³、比热容 1.97 kJ/kg-K、热导率 0.26 W/m-K、潜热 86.7 kJ/kg）。这些关键数据点在提取的 JSON 中被忽略了。
10.1016j.applthermaleng.2015.12.056-33.json,116,9,5,0.928,0.9587,0.9431,Missing_Field,数值仿真的关键参数,,FN,原始文本提供了用于验证数值模型的关键仿真参数，包括热接触电阻（15 × 10−4 m²∙K/W）、传热系数（例如 5.7 W/m²∙K）和表面发射率（0.9）。这些信息在提取的 JSON 中缺失了。
10.1016j.applthermaleng.2015.12.056-33.json,116,9,5,0.928,0.9587,0.9431,Missing_Field,关于潜热与显热效应的结论,,FN,原始文本的一个核心结论（结论 2）是，PCM 的潜热对饱和时间的影响大于显热。这一关键发现没有被捕捉到提取的 JSON 中。
10.1016j.applthermaleng.2015.12.056-33.json,116,9,5,0.928,0.9587,0.9431,Missing_Field,关于 PCM 片与 PE 片对不同位置温度影响的结论,,FN,原始文本第 3.2 节指出，由于热导率较高，与 PE 片相比，PCM 片会导致更高的加热器温升和更低的外壳表面温升。这个重要的细微差别在提取的 JSON 中缺失了。
10.1002adom.202001802-24.json,24,1,6,0.96,0.8,0.8727,Incorrect_Field,Optoelectronic Logic Functionality,Realizes AND logic operation,FP,原文描述了一个由栅极控制的光电信号传输器，在控制状态为 '1' 时，输出始终为 '0'，这并非与门的功能。文本没有说明其实现了与门逻辑。
10.1002adom.202001802-24.json,24,1,6,0.96,0.8,0.8727,Missing_Field,Self-driven operation,,FN,文本多次强调该器件是 '自驱动的'，因为它不需要外部偏置，这是一个关键优势，但在提取的内容中被忽略了。
10.1002adom.202001802-24.json,24,1,6,0.96,0.8,0.8727,Missing_Field,Reconfigurable heterojunction types,,FN,文本指出，通过栅极电压，异质结可以被动态调谐至同型（p-P 和 n-N）和异型（p-N）配置，这是实现门控可切换光伏效应的核心机制，但此信息未被提取。
10.1002adom.202001802-24.json,24,1,6,0.96,0.8,0.8727,Missing_Field,Performance comparison with other devices,,FN,"文本将器件的输出暗电流和开关时间与基于其他材料（SOI, GaN, CNT等）的器件进行了比较，以突显其高性能，但这一关键比较信息在提取内容中缺失。"
10.1002adom.202001802-24.json,24,1,6,0.96,0.8,0.8727,Missing_Field,Cycling test results for operational repeatability,,FN,文本提到通过2000次开关循环测试，输出电流偏差小于10%，证明了器件的高度可重复操作，这个重要的耐用性指标未被包含在提取内容中。
10.1002adom.202001802-24.json,24,1,6,0.96,0.8,0.8727,Missing_Field,Ohmic contact details,,FN,文本明确指出Au-BP和Au-MoTe2接触是欧姆接触，这对于解释器件的整流特性至关重要，但此信息在提取内容中被忽略。
10.1002adom.202001802-24.json,24,1,6,0.96,0.8,0.8727,Missing_Field,Passivation layer,,FN,文本提到使用顶部h-BN薄片来封装器件，以防止环境退化，这是器件制备和稳定性的一个重要细节，但未被提取。
10.1021j100173a022-10.json,0,0,0,0.0,0.0,0.0,,,,,
10.1016j.apcata.2018.05.033-38.json,61,1,3,0.9839,0.9531,0.9683,Incorrect_Field,Sulfur Coverage at Edges,50%,FP,原文指出50%硫覆盖率是用于测试催化剂的一个模型假设，而不是新鲜MoS₂样品的测量或陈述属性。
10.1016j.apcata.2018.05.033-38.json,61,1,3,0.9839,0.9531,0.9683,Missing_Field,Role of H₂S in acid site formation,,FN,原文解释说，H₂S 在产生酸位点方面比 H₂ 更有效，这是由于 H-S 和 H-H 键能的差异以及相邻 Mo 原子氧化态的变化。这个关键的机理见解在 JSON 中缺失了。
10.1016j.apcata.2018.05.033-38.json,61,1,3,0.9839,0.9531,0.9683,Missing_Field,Hydrogen dissociation mechanism on 25% sulfur-covered Mo-edge,,FN,原文描述了一个关键发现，即在 MoS₂-Fe₂O₃ 中，25% 硫覆盖率的 Mo 边缘在氢解离方面是失活的，但在 DBT 的 sigma 吸附后会被再活化。这个机理细节对于理解该催化剂的行为至关重要，但在 JSON 中缺失了。
10.1016j.apcata.2018.05.033-38.json,61,1,3,0.9839,0.9531,0.9683,Missing_Field,Site-specific pathway preference,,FN,原文得出的结论是，氢化（HYD）在 brim 位点上更有利，而直接脱硫（DDS）在配位不饱和位点（CUS）上更有利。这个关于反应机理的基本发现在 JSON 中缺失了。
10.1016j.surfcoat.2007.07.061-34.json,55,0,6,1.0,0.9016,0.9483,Missing_Field,Electroplated copper thickness for micro fracture test,,FN,原文指出用于微断裂测试的样品电镀了20 μm厚的铜，但提取的JSON只提到了用于剥离测试的8 μm层。
10.1016j.surfcoat.2007.07.061-34.json,55,0,6,1.0,0.9016,0.9483,Missing_Field,Polyimide brick specimen dimensions,,FN,原文描述了聚酰亚胺薄膜被切割成100 μm x 100 μm的方形砖块，但此尺寸未被包含在提取的JSON中。
10.1016j.surfcoat.2007.07.061-34.json,55,0,6,1.0,0.9016,0.9483,Missing_Field,Load measurement method in micro fracture test,,FN,原文指明载荷是通过悬臂梁上的应变计测量的，此方法学细节在提取的JSON中被遗漏了。
10.1016j.surfcoat.2007.07.061-34.json,55,0,6,1.0,0.9016,0.9483,Missing_Field,Adhesion energy from Kinloch and Moidu theories,,FN,表1中提供了通过Kinloch和Moidu理论修正后的剥离强度值（样品A为44.4 J/m²和74.9 J/m²，样品B为106 J/m²和201 J/m²），这些值对于对比分析至关重要，但在提取的JSON中缺失。
10.1016j.surfcoat.2007.07.061-34.json,55,0,6,1.0,0.9016,0.9483,Missing_Field,Finite element modeling software,,FN,原文明确指出数值模拟使用的软件是ABAQUS 6.6，此信息在提取的JSON中被忽略了。
10.1016j.surfcoat.2007.07.061-34.json,55,0,6,1.0,0.9016,0.9483,Missing_Field,Mode ratio (G2/G1) for interface cracks,,FN,原文计算并报告了两种样品的界面裂纹模态比（样品A为0.50–0.77，样品B为2.8–3.4），这是一个关键的定量结果，但未被包含在提取的JSON中。
10.1007s11082-020-02488-1-30.json,22,2,3,0.9167,0.88,0.898,Incorrect_Field,Type,Semi-insulating,FP,原始文本指出衬底是'n-type InP material'，而非半绝缘型。
10.1007s11082-020-02488-1-30.json,22,2,3,0.9167,0.88,0.898,Incorrect_Field,material_name,n-type InP material,FP,原始文本明确指出吸收层是'N-Type In0.53Ga0.47As'，而不是n型InP。
10.1007s11082-020-02488-1-30.json,22,2,3,0.9167,0.88,0.898,Missing_Field,Maximum Quantum Efficiency,,FN,文本指出探测器的最大量子效率为90%，这个关键性能指标在提取内容中被遗漏了。
10.1007s11082-020-02488-1-30.json,22,2,3,0.9167,0.88,0.898,Missing_Field,Cut-off wavelength,,FN,文本明确给出了探测器的截止波长为1.79 µm，这个定义器件工作范围的关键参数在提取内容中被遗漏了。
10.1007s11082-020-02488-1-30.json,22,2,3,0.9167,0.88,0.898,Missing_Field,Optimization reverse bias range,,FN,文本提到优化研究在高达100 mV的反向偏压下进行，而提取内容仅列出了0-50 mV的范围，遗漏了部分优化条件。
10.111712.813923-22.json,40,4,6,0.9091,0.8696,0.8889,Incorrect_Field,system_name,Longer-wavelength QCL (λ ≈ 10.6 μm),FP,原始文本中描述和演示的主要长波长激光器中心波长为 10.2 μm，而非 10.6 μm。10.6 μm 仅在引言中作为其他文献的背景被提及。
10.111712.813923-22.json,40,4,6,0.9091,0.8696,0.8889,Incorrect_Field,Ridge width,8.6 μm,FP,原始文本指出长波长（10.2 μm）量子级联激光器的脊宽为 95 μm，而提取的 JSON 错误地使用了短波长（4.8 μm）激光器的脊宽 8.6 μm。
10.111712.813923-22.json,40,4,6,0.9091,0.8696,0.8889,Incorrect_Field,Core structure,Similar to [7] but with 40 cascaded emitting stages instead of 30,FP,原始文本指出长波长（10.2 μm）激光器有 75 个级，而不是 40 个。40 个级是短波长（4.8 μm）激光器的特征。
10.111712.813923-22.json,40,4,6,0.9091,0.8696,0.8889,Incorrect_Field,Maximum output power,Not specified (but implied to be higher than 3.4 W),FP,原始文本的图 2(a) 明确显示了在 298 K 下脉冲模式的峰值功率超过 6 W，而提取的 JSON 给出了错误且模糊的陈述。
10.111712.813923-22.json,40,4,6,0.9091,0.8696,0.8889,Missing_Field,Peak output power for 10.2 μm QCL,,FN,文本报告了长波长（10.2 μm）激光器在脉冲模式下的最大峰值功率为 25 W，这是一个关键性能指标，但在提取的 JSON 中被遗漏了。
10.111712.813923-22.json,40,4,6,0.9091,0.8696,0.8889,Missing_Field,Average output power for 10.2 μm QCL,,FN,文本报告了长波长（10.2 μm）激光器在室温下实现了 2.2 W 的平均功率运行，这是摘要和结论部分强调的主要成就，但在提取的 JSON 中被遗漏了。
10.111712.813923-22.json,40,4,6,0.9091,0.8696,0.8889,Missing_Field,Wall Plug Efficiency for 10.2 μm QCL,,FN,文本报告了长波长（10.2 μm）激光器的最大 WPE 为 8.8%，这是一个关键性能数据，但在提取的 JSON 中被遗漏了。
10.111712.813923-22.json,40,4,6,0.9091,0.8696,0.8889,Missing_Field,Ridge width for 10.2 μm QCL,,FN,文本明确指出长波长（10.2 μm）激光器的脊宽为 95 μm，这是一个关键的器件参数，但在提取的 JSON 中被遗漏了。
10.111712.813923-22.json,40,4,6,0.9091,0.8696,0.8889,Missing_Field,Number of stages for 10.2 μm QCL,,FN,文本明确指出长波长（10.2 μm）激光器有 75 个级，这是一个核心设计参数，但在提取的 JSON 中被遗漏了。
10.111712.813923-22.json,40,4,6,0.9091,0.8696,0.8889,Missing_Field,Far-field profile for 10.2 μm QCL,,FN,文本指出长波长（10.2 μm）激光器的远场不是衍射极限的（FWHM 约 10 度），这是一个重要的实验结果，但在提取的 JSON 中被遗漏了。
10.1002pola.28278-32.json,26,5,7,0.8387,0.7879,0.8125,Incorrect_Field,Thermal Curing Behavior,Sharp exothermic peak at 244°C,FP,原文指出，244°C的放热峰是BCBP/APPH混合物的特征，而不是纯BCBP单体，后者固化极为缓慢。
10.1002pola.28278-32.json,26,5,7,0.8387,0.7879,0.8125,Incorrect_Field,Water Uptake,Lower overall water absorption after submersion in boiling water for 50 hours,FP,原文提供了5 wt%和10 wt%样品在50小时后的具体吸水率数值（分别为4.02%和3.62%），而提取的JSON仅给出了定性描述。
10.1002pola.28278-32.json,26,5,7,0.8387,0.7879,0.8125,Incorrect_Field,Water Uptake,Lower overall water absorption after submersion in boiling water for 50 hours,FP,原文提供了5 wt%和10 wt%样品在50小时后的具体吸水率数值（分别为4.02%和3.62%），而提取的JSON仅给出了定性描述。
10.1002pola.28278-32.json,26,5,7,0.8387,0.7879,0.8125,Incorrect_Field,Activation Energy for Curing Reaction,"{'value': '74.78', 'unit': 'kJ/mol'}",FP,活化能（74.78 kJ/mol）是固化反应的属性，而非最终聚合物的性能。原文中该值在DSC分析部分给出，并未作为聚合物的性能指标。
10.1002pola.28278-32.json,26,5,7,0.8387,0.7879,0.8125,Incorrect_Field,Activation Energy for Curing Reaction,"{'value': '74.78', 'unit': 'kJ/mol'}",FP,活化能（74.78 kJ/mol）是固化反应的属性，而非最终聚合物的性能。原文中该值在DSC分析部分给出，并未作为聚合物的性能指标。
10.1002pola.28278-32.json,26,5,7,0.8387,0.7879,0.8125,Missing_Field,Storage Modulus at 400°C,,FN,原文通过DMA测试量化了储能模量，指出5 wt%和10 wt% APPH的样品在400°C时分别为1460 MPa和1305 MPa。这一关键力学性能数据点在JSON中缺失。
10.1002pola.28278-32.json,26,5,7,0.8387,0.7879,0.8125,Missing_Field,Limiting Oxygen Index (LOI),,FN,原文基于残炭率计算了LOI值为45.9，并得出该材料是“优异的阻燃材料”的结论。这一关键结论及其数据在JSON中被忽略。
10.1002pola.28278-32.json,26,5,7,0.8387,0.7879,0.8125,Missing_Field,Specific Water Uptake Values,,FN,原文提供了5 wt%和10 wt% APPH样品在50小时后的具体吸水率数值（分别为4.02%和3.62%），但JSON中只包含定性描述，忽略了这些量化结果。
10.1002pola.28278-32.json,26,5,7,0.8387,0.7879,0.8125,Missing_Field,High Storage Modulus (2.3 GPa),,FN,原文结论部分提到聚合物具有“高储能模量（2.3 GPa）”。这是一个明确陈述的关键性能指标，但在JSON中缺失。
10.1002pola.28278-32.json,26,5,7,0.8387,0.7879,0.8125,Missing_Field,"Polymerization Structures (Phthalocyanine, Isoindoline)",,FN,原文基于FTIR分析得出结论，BCBP单体在聚合过程中“主要形成异吲哚啉和酞菁结构”。这个关于聚合物结构的核心发现在JSON中被遗漏。
10.1002pola.28278-32.json,26,5,7,0.8387,0.7879,0.8125,Missing_Field,Curing Procedure,,FN,"原文详细说明了制备BCBP聚合物的固化程序（220°C/2h, 250°C/4h, 280°C/4h, 320°C/4h, 350°C/4h, and 380°C/4h）。这一对理解材料制备至关重要的实验细节在JSON中被忽略。"
10.1002pola.28278-32.json,26,5,7,0.8387,0.7879,0.8125,Missing_Field,Evaluation of Processing Window,,FN,原文结论部分提到加工窗口“不够理想”。作者对64°C加工窗口的定性评估是结论的关键部分，但在JSON中被忽略。
10.25141.3227-1.json,21,2,7,0.913,0.75,0.8235,Incorrect_Field,Elastic Modulus (in Naïon TM-117 membrane properties),249,FP,原文指出，249 MPa 是为了计算而*假定*的 NaﬁonTM 弹性模量值，而不是该材料的直接测量或报告属性。
10.25141.3227-1.json,21,2,7,0.913,0.75,0.8235,Incorrect_Field,Activation voltage (for CP Actuator),Less than 10,FP,原文将导电聚合物 (CP) 描述为“低电压 (~5V)”，但没有明确说明其激活电压上限为 10 V。该值是从对 IPMC 的描述中推断出来的，并非直接陈述的关于 CP 的事实。
10.25141.3227-1.json,21,2,7,0.913,0.75,0.8235,Missing_Field,Actuator stress requirement,,FN,原文确定了一个关键的应力要求（约 0.5 MPa），这是评估执行器性能的基础。缺少此信息，性能数据就失去了评估的基准。
10.25141.3227-1.json,21,2,7,0.913,0.75,0.8235,Missing_Field,Actuator strain requirement,,FN,原文确定了一个关键的应变要求（约 0.008 到 0.01），这是评估执行器性能的基础。缺少此信息，就无法判断执行器是否满足应用需求。
10.25141.3227-1.json,21,2,7,0.913,0.75,0.8235,Missing_Field,CP Actuator tip force,,FN,原文报告了 CP 执行器的一个关键性能指标，即最大顶端力为 2.8 mN，这是一个与要求进行比较的重要数据点。
10.25141.3227-1.json,21,2,7,0.913,0.75,0.8235,Missing_Field,CP Actuator axial stress,,FN,原文计算并报告了 CP 执行器的最大轴向应力为 5.5 MPa，并得出其远超要求的结论。这是一个核心发现，在提取内容中被遗漏。
10.25141.3227-1.json,21,2,7,0.913,0.75,0.8235,Missing_Field,CP Actuator axial strain,,FN,原文计算并报告了 CP 执行器的最大轴向应变为 0.0014，并得出其低于要求的结论。这是一个核心发现，在提取内容中被遗漏。
10.25141.3227-1.json,21,2,7,0.913,0.75,0.8235,Missing_Field,IPMC moisture dependency limitation,,FN,原文强调了 IPMC 执行器的一个关键局限性，即在干燥环境中性能会逐渐下降，这可能会限制其在太空中的应用。这一重要背景信息被忽略了。
10.25141.3227-1.json,21,2,7,0.913,0.75,0.8235,Missing_Field,Overall conclusion on actuator effectiveness,,FN,原文的最终结论——即两种执行器都满足应力要求但都不满足应变要求，因此需要复合设计——是论文的核心要点，但在提取内容中完全缺失。
10.10631.5011297-18.json,69,7,1,0.9079,0.9857,0.9452,Incorrect_Field,Capture Cross-Section,4.69×10^-15 cm²,FP,对于GaAs中的H2陷阱，原始文本（表I）给出的捕获截面为4.69×10^-17 cm²，而不是4.69×10^-15 cm²。
10.10631.5011297-18.json,69,7,1,0.9079,0.9857,0.9452,Incorrect_Field,Concentration,7.84×10^13 cm^-3,FP,对于GaAs中的H2陷阱，原始文本（表I）给出的浓度为8.84×10^15 cm^-3，而不是7.84×10^13 cm^-3。
10.10631.5011297-18.json,69,7,1,0.9079,0.9857,0.9452,Incorrect_Field,Capture Cross-Section,6.35×10^-13 cm²,FP,对于InGaAs中的H6(2)陷阱，原始文本（表I）给出的捕获截面为6.35×10^-14 cm²，而不是6.35×10^-13 cm²。
10.10631.5011297-18.json,69,7,1,0.9079,0.9857,0.9452,Incorrect_Field,Capture Cross-Section,3.95×10^-13 cm²,FP,对于GaAsSb中的H6(3)陷阱，原始文本（表I）给出的捕获截面为3.95×10^-14 cm²，而不是3.95×10^-13 cm²。
10.10631.5011297-18.json,69,7,1,0.9079,0.9857,0.9452,Incorrect_Field,Relaxation Time,1.1 μs,FP,对于InGaAs/GaAs异质结构，原始文本计算出的非平衡载流子弛豫时间为1.1×10^-10 s，而不是1.1 μs (1.1×10^-6 s)。
10.10631.5011297-18.json,69,7,1,0.9079,0.9857,0.9452,Incorrect_Field,Relaxation Time,8.5 μs,FP,对于GaAsSb/GaAs异质结构，原始文本计算出的非平衡载流子弛豫时间为8.5×10^-11 s，而不是8.5 μs (8.5×10^-6 s)。
10.10631.5011297-18.json,69,7,1,0.9079,0.9857,0.9452,Incorrect_Field,Relaxation Time,8.9 μs,FP,对于GaAs同质结构，原始文本计算出的非平衡载流子弛豫时间为8.9×10^-7 s，而不是8.9 μs (8.9×10^-6 s)。
10.10631.5011297-18.json,69,7,1,0.9079,0.9857,0.9452,Missing_Field,弛豫时间减小的倍数,,FN,原始文本在摘要和引言中明确指出，与无位错的GaAs结构相比，InGaAs/GaAs和GaAsSb/GaAs异质结构中非平衡载流子的弛豫时间显著减小，最高可达100倍。这个量化比较是研究的核心发现之一，但在提取内容中被遗漏了。
10.11161.584746-36.json,58,4,7,0.9355,0.8923,0.9134,Incorrect_Field,Threading Dislocation Density,~ 10^9 cm^-2,FP,原文指出，通过透射电子显微镜测得的多量子阱区域的位错密度约为 10^8 cm^-2，而非 10^9 cm^-2。
10.11161.584746-36.json,58,4,7,0.9355,0.8923,0.9134,Incorrect_Field,Crystalline Quality,Fairly smooth and uniform GaAs and AlGaAs layers with some surface waviness of < 70 Å,FP,原文描述的表面波纹度是 < 70 Å/μm，而不是 < 70 Å。
10.11161.584746-36.json,58,4,7,0.9355,0.8923,0.9134,Incorrect_Field,Absorption Peak Wavelength,910 nm,FP,原文中25% Al样品的吸收峰在 1100 cm^-1 (对应波长9.1 μm或9090 nm)，而不是 910 nm。
10.11161.584746-36.json,58,4,7,0.9355,0.8923,0.9134,Incorrect_Field,Absorption Peak Wavelength,1240 nm,FP,原文中30% Al样品的吸收峰在 1240 cm^-1 (对应波长8.1 μm或8060 nm)，而不是 1240 nm。
10.11161.584746-36.json,58,4,7,0.9355,0.8923,0.9134,Missing_Field,Growth Method,,FN,原文明确指出样品是使用分子束外延（MBE）方法生长的，这是研究的关键实验条件，但在提取内容中缺失。
10.11161.584746-36.json,58,4,7,0.9355,0.8923,0.9134,Missing_Field,Observation of Absent Superlattice Peaks,,FN,原文提到X射线摇摆曲线测量中未观察到超晶格峰，并将其归因于高密度位错导致的展宽，这是评估结晶质量的重要发现，但在提取内容中被忽略。
10.11161.584746-36.json,58,4,7,0.9355,0.8923,0.9134,Missing_Field,Calculated Energy Separation,,FN,原文提供了量子阱中前两个能级的计算能量分离值（25% Al样品为127 meV，30% Al样品为149 meV），并与实验值进行了比较，这是验证实验结果的关键分析，但在提取内容中缺失。
10.11161.584746-36.json,58,4,7,0.9355,0.8923,0.9134,Missing_Field,Comparison with Structures on GaAs Substrate,,FN,全文的核心结论之一是与在GaAs衬底上生长的类似结构进行比较（如吸收峰线宽、振子强度、基态展宽等），这些比较数据对于评估在Si衬底上生长的结构的性能至关重要，但在提取内容中完全缺失。
10.11161.584746-36.json,58,4,7,0.9355,0.8923,0.9134,Missing_Field,Multiple-Pass Waveguide Measurement Results,,FN,原文描述了对30% Al样品进行的多程波导几何测量，观察到接近100%的吸收，这是一个重要的光学表征结果，但在提取内容中被遗漏。
10.11161.584746-36.json,58,4,7,0.9355,0.8923,0.9134,Missing_Field,Theoretical Model Fitting for I-V Curves,,FN,原文详细描述了使用WKB近似模型来拟合低偏压下的I-V曲线，这是对电学特性进行定量分析的重要部分，但在提取内容中缺失。
10.11161.584746-36.json,58,4,7,0.9355,0.8923,0.9134,Missing_Field,Conclusion on Device Stability and Suitability,,FN,原文结论部分指出器件在热循环中稳定且适用于与硅大规模集成电路集成，这是研究的主要结论和意义所在，但在提取内容中未被包含。
10.10631.368553-21.json,36,7,4,0.8372,0.9,0.8675,Incorrect_Field,Thickness,0.8 μm,FP,对于InP量子点系统，原始文本指出GaInP势垒层的厚度为0.8 mm，而不是0.8 μm。
10.10631.368553-21.json,36,7,4,0.8372,0.9,0.8675,Incorrect_Field,Band Offset,50 meV,FP,对于InP量子点系统，原始文本指出50 meV是湿化层量子阱的能级，而InP量子点的导带带偏约为230 meV。
10.10631.368553-21.json,36,7,4,0.8372,0.9,0.8675,Incorrect_Field,Band Gap,1.55 eV,FP,对于Si-Doped Ga₀.₅In₀.₅P体样品，原始文本中没有提及GaInP的体带隙为1.55 eV。
10.10631.368553-21.json,36,7,4,0.8372,0.9,0.8675,Incorrect_Field,Thickness,0.8 μm,FP,对于InP量子阱系统，原始文本指出GaInP势垒层的厚度为0.8 mm，而不是0.8 μm。
10.10631.368553-21.json,36,7,4,0.8372,0.9,0.8675,Incorrect_Field,Doping Concentration,3-4 × 10¹⁶ cm⁻³,FP,对于InP量子阱系统，原始文本明确指出量子阱样品中的掺杂浓度为8 × 10¹⁶ cm⁻³，这是一个更高的值。
10.10631.368553-21.json,36,7,4,0.8372,0.9,0.8675,Incorrect_Field,Band Offset,50 meV,FP,对于InP量子阱系统，原始文本指出对于所研究的薄量子阱，其基态低于势垒带边10-20 meV，而不是50 meV。
10.10631.368553-21.json,36,7,4,0.8372,0.9,0.8675,Incorrect_Field,Thickness,0.8 μm,FP,对于Ga₀.₅In₀.₅P体样品，原始文本指出GaInP层的厚度为0.8 mm，而不是0.8 μm。
10.10631.368553-21.json,36,7,4,0.8372,0.9,0.8675,Missing_Field,Sample Structure,,FN,文本描述了用于进行电学测量的肖特基二极管样品结构（包括n+GaAs衬底、欧姆接触和顶部金接触），这是理解实验装置的关键信息，但在提取内容中被忽略了。
10.10631.368553-21.json,36,7,4,0.8372,0.9,0.8675,Missing_Field,Electron Emission Model,,FN,文本提出了一个包含库仑充电效应的电子发射模型（公式1），这是解释量子点电学行为的核心理论基础，但该模型及其方程式在提取内容中缺失。
10.10631.368553-21.json,36,7,4,0.8372,0.9,0.8675,Missing_Field,Field-Induced Barrier Lowering Correction,,FN,文本详细说明了如何通过模型（DE = Eact + q(Fh/2)）来校正场致势垒降低效应，从而得到真实的发射能量，这个关键的定量校正步骤在提取内容中被遗漏了。
10.10631.368553-21.json,36,7,4,0.8372,0.9,0.8675,Missing_Field,Quantum Dot Size and Strain Distribution,,FN,文本反复强调量子点尺寸和应变的分布是导致DLTS峰展宽和谱线无结构的主要原因，这是解释实验观察结果的一个基本因素，但在提取内容中没有提及。
10.1103PhysRevLett.126.167401-4.json,17,5,8,0.7727,0.68,0.7234,Incorrect_Field,Excitonic Fraction,jXj² = 0.33 (remark: Upper polariton),FP,原文指出 jXj² = 0.33 是在 T=105K 时下极化子的激子分数，而不是上极化子。
10.1103PhysRevLett.126.167401-4.json,17,5,8,0.7727,0.68,0.7234,Incorrect_Field,Saturation Constant,˜gs(0) = 2.16 ± 0.05 μeV·μm²,FP,原文报告的值是 2.16 ± 0.5 μeV·μm²，而不是 2.16 ± 0.05 μeV·μm²。
10.1103PhysRevLett.126.167401-4.json,17,5,8,0.7727,0.68,0.7234,Incorrect_Field,Exciton-Exciton Interaction Constant,˜gx(0) = 2.2 ± 0.2 μeV·μm²,FP,原文报告的值是 2.2 ± 1.6 μeV·μm²，而不是 2.2 ± 0.2 μeV·μm²。
10.1103PhysRevLett.126.167401-4.json,17,5,8,0.7727,0.68,0.7234,Incorrect_Field,Resonance Shift,δωc(W) = 0 ± 0.025 meV,FP,原文报告的值是 ℏδωc(W) = 0 ± 0.025 meV，包含了约化普朗克常量 ℏ，而提取的值中缺失了它。
10.1103PhysRevLett.126.167401-4.json,17,5,8,0.7727,0.68,0.7234,Incorrect_Field,measurement_method,Time-resolved transmission measurement,FP,原文只提到通过透射测量来观察裸腔共振的稳定性，并未指明是时间分辨测量。
10.1103PhysRevLett.126.167401-4.json,17,5,8,0.7727,0.68,0.7234,Missing_Field,Enhancement factor of saturation constant,,FN,文本中一个关键发现是饱和常数 ˜gs(0) 超出氢模型理论 7 ± 2 倍，这一量化结论在提取内容中被遗漏了。
10.1103PhysRevLett.126.167401-4.json,17,5,8,0.7727,0.68,0.7234,Missing_Field,Laser specifications,,FN,"文本详细描述了实验所用激光的关键参数，包括脉冲宽度（~200fs）、平均能量范围（[1640, 1660] ± 138 meV）和带宽（~10meV），这些是理解实验条件的重要信息，但在提取内容中被忽略了。"
10.1103PhysRevLett.126.167401-4.json,17,5,8,0.7727,0.68,0.7234,Missing_Field,Measurement temperatures,,FN,文本明确指出非线性透射测量是在 T=127K 和 T=105K 两个温度下进行的，并利用温度控制失谐，这一关键实验条件在提取内容中被遗漏了。
10.1103PhysRevLett.126.167401-4.json,17,5,8,0.7727,0.68,0.7234,Missing_Field,Interaction constants at T=105K,,FN,文本报告了在 T=105K 下测量的激子-激子相互作用常数 ˜gx(0) = 4.3 μeV·μm² 和饱和常数 ˜gs(0) = 1.6 μeV·μm²，这些数据点在提取内容中被遗漏了。
10.1103PhysRevLett.126.167401-4.json,17,5,8,0.7727,0.68,0.7234,Missing_Field,Interaction constants from spatially resolved measurement,,FN,文本通过空间分辨透射光谱分析得出了另一组激子-激子相互作用常数 ˜gx(0) = 4.3+3.0-0.4 μeV·μm² 和饱和常数 ˜gs(0) = 3.2 ± 0.8 μeV·μm²，用于交叉验证，这些关键数据在提取内容中被遗漏了。
10.1103PhysRevLett.126.167401-4.json,17,5,8,0.7727,0.68,0.7234,Missing_Field,Physical meaning of nonlinearity constants,,FN,文本解释了 gx（激子间库仑相互作用）和 gs（费米饱和）的物理意义，这是理解光学非线性机制的核心概念，在提取内容中被忽略了。
10.1103PhysRevLett.126.167401-4.json,17,5,8,0.7727,0.68,0.7234,Missing_Field,Hydrogenic model formulas,,FN,文本提供了氢模型中非线性常数的依赖关系公式（gx ∝ ℏ²/2μ 和 gs ∝ ε²/μ²），这是论证 MoSe₂ 非氢激子优越性的理论基础，在提取内容中被遗漏了。
10.1103PhysRevLett.126.167401-4.json,17,5,8,0.7727,0.68,0.7234,Missing_Field,Explanation for spin anisotropy,,FN,文本对观察到的非平凡自旋各向异性提出了可能的物理解释，例如涉及自旋为2的暗激子或双激子，并给出了它们的能量位置，这是对关键发现的重要讨论，在提取内容中被遗漏了。
10.1364AO.54.009177-11.json,54,3,4,0.9474,0.931,0.9391,Incorrect_Field,Height of Smaller Pillars,35,FP,原始文本指出，35 μm 是较小圆柱在 y 轴方向上距离晶胞边界的距离 (h1)，而不是其高度。InSb 层的厚度为 100 μm，这代表了圆柱的高度。
10.1364AO.54.009177-11.json,54,3,4,0.9474,0.931,0.9391,Incorrect_Field,Coefficient,1.018 × 10⁻³,FP,原始文本中给出的系数 k 的值是 1.018 × 10⁻¹³，而不是 1.018 × 10⁻³。
10.1364AO.54.009177-11.json,54,3,4,0.9474,0.931,0.9391,Incorrect_Field,Constant,2.548 × 10¹³,FP,原始文本从未给出常数 ω₀ 的值。提取的 JSON 错误地将 ωp 的值 (2.548 × 10¹³ Hz) 赋给了 ω₀。
10.1364AO.54.009177-11.json,54,3,4,0.9474,0.931,0.9391,Missing_Field,Nonreciprocal Transmission Mechanism,,FN,原始文本明确指出，非互易传输的机制是由于磁光效应和不对称结构导致的“磁等离子体模式分裂”，这是理解设备工作原理的核心发现，但在 JSON 中被遗漏。
10.1364AO.54.009177-11.json,54,3,4,0.9474,0.931,0.9391,Missing_Field,Magnetic Field Direction Sensing Capability,,FN,原始文本提到，该设备在作为磁场传感器时，可以通过正向和反向波的共振分裂来判断磁场的方向。这是设备的一项关键功能，但在 JSON 中被遗漏。
10.1364AO.54.009177-11.json,54,3,4,0.9474,0.931,0.9391,Missing_Field,Resonance Frequency Shift Formula,,FN,原始文本提供了描述共振频率如何随磁场和温度变化的公式 (ωv = k(ωp0 - ωp)ωc + ω0)，这是一个核心的理论模型，但在 JSON 中被遗漏。
10.1364AO.54.009177-11.json,54,3,4,0.9474,0.931,0.9391,Missing_Field,Sensitivity Formula,,FN,原始文本提供了计算传感器灵敏度的公式 (S = k(ωp0 - ωp))，这是一个关键的理论结果，但在 JSON 中被遗漏。
10.10631.3179413-31.json,24,3,3,0.8889,0.8889,0.8889,Incorrect_Field,Center Wavelength,784,FP,原始文本指出，784 nm是针对完全钝化量子点的理论光致发光(PL)中心，而非测量值。
10.10631.3179413-31.json,24,3,3,0.8889,0.8889,0.8889,Incorrect_Field,Spectral Linewidth,120,FP,原始文本指出，120 nm是针对完全钝化量子点的理论光致发光(PL)光谱宽度，而非测量值。
10.10631.3179413-31.json,24,3,3,0.8889,0.8889,0.8889,Incorrect_Field,Reflectance Spectrum,Shows photoluminescence characteristics,FP,原始文本将图1(c)描述为反射光谱，并未提及它显示了光致发光特性。
10.10631.3179413-31.json,24,3,3,0.8889,0.8889,0.8889,Missing_Field,ASE Pumping Source,,FN,文本详细说明了一个关键实验条件：使用功率为40 mW、波长为325 nm的He–Cd激光器作为泵浦源，这在提取内容中被完全遗漏。
10.10631.3179413-31.json,24,3,3,0.8889,0.8889,0.8889,Missing_Field,Small-signal Seed Signal,,FN,文本指明了小信号放大实验使用785 nm激光二极管作为种子信号，这是一个关键参数，但在提取内容中被忽略了。
10.10631.3179413-31.json,24,3,3,0.8889,0.8889,0.8889,Missing_Field,Fabrication Conditions,,FN,文本中描述了制造Si量子点的核心过程，包括PECVD生长参数和高温退火条件，这些对于理解材料的形成和性能至关重要，但在提取内容中缺失。
10.1070QE2005v035n12ABEH013044-8.json,23,2,8,0.92,0.7419,0.8214,Incorrect_Field,Length of Shortest Waveguide,572.9,FP,原文指出最短波导的长度为 5729 μm，而非 572.9 μm。
10.1070QE2005v035n12ABEH013044-8.json,23,2,8,0.92,0.7419,0.8214,Incorrect_Field,Overall Radiation Losses Per Transit,Not specified numerically,FP,原文明确指出，忽略连接损耗，总辐射损耗不超过 3 dB。
10.1070QE2005v035n12ABEH013044-8.json,23,2,8,0.92,0.7419,0.8214,Missing_Field,Fabrication method for SiON layer,,FN,原文指出SiO₂和SiON层都是通过等离子体化学方法沉积的，但提取内容只为SiO₂层列出了此方法。
10.1070QE2005v035n12ABEH013044-8.json,23,2,8,0.92,0.7419,0.8214,Missing_Field,Waveguide fabrication annealing process,,FN,文本描述了在氩气气氛中于1150°C下退火两小时的关键制造步骤，这在提取内容中被忽略了。
10.1070QE2005v035n12ABEH013044-8.json,23,2,8,0.92,0.7419,0.8214,Missing_Field,Waveguide fabrication etching method,,FN,文本提到使用反应离子刻蚀来形成波导元件，但此方法在提取内容中缺失。
10.1070QE2005v035n12ABEH013044-8.json,23,2,8,0.92,0.7419,0.8214,Missing_Field,Design principle for number of waveguides,,FN,原文指出一个关键设计原则，即波导数量必须至少是待分离信道数的两倍，这一信息被遗漏了。
10.1070QE2005v035n12ABEH013044-8.json,23,2,8,0.92,0.7419,0.8214,Missing_Field,Channel waveguide width (W),,FN,文本指定了信道波导的宽度W为3.0 μm，但提取内容只包含了输入/输出宽度6.5 μm，遗漏了此参数。
10.1070QE2005v035n12ABEH013044-8.json,23,2,8,0.92,0.7419,0.8214,Missing_Field,Angle between focusing element axes,,FN,原文提供了聚焦元件轴之间的角度（φ = 24.62°）这一关键设计参数，但提取内容中缺失。
10.1070QE2005v035n12ABEH013044-8.json,23,2,8,0.92,0.7419,0.8214,Missing_Field,Laser experiment details (Section 6),,FN,"第6节中关于演示解复用器作为激光反射镜的关键实验细节被遗漏了，包括激光源规格（1.550 μm, 20 nm增益谱）、反射率（30%和0.5%）、泵浦电流（50 mA）和所得激光线宽（0.3 nm）。"
10.1070QE2005v035n12ABEH013044-8.json,23,2,8,0.92,0.7419,0.8214,Missing_Field,Measurement conditions,,FN,文本提到了重要的测量条件，如室温（24°C）、未进行热稳定和任意偏振，这些在提取内容中被忽略了。
10.1002mop.31455-2.json,39,5,4,0.8864,0.907,0.8966,Incorrect_Field,Front-to-Back Ratio,"3 dB (measured), >15 dB (simulated)",FP,原文指出元天线的仿真前后比未指定，而 15 dB 的值是传统天线的仿真前后比。
10.1002mop.31455-2.json,39,5,4,0.8864,0.907,0.8966,Incorrect_Field,Resonance Frequency,"2.188 GHz (simulated), 2.18 GHz (measured)",FP,原文仅提供了传统天线的仿真谐振频率 (2.188 GHz)，未提及测量值 2.18 GHz。
10.1002mop.31455-2.json,39,5,4,0.8864,0.907,0.8966,Incorrect_Field,Impedance Bandwidth,"16 MHz (0.73%) (simulated), 16 MHz (0.73%) (measured)",FP,原文仅提供了传统天线的仿真阻抗带宽，未提及测量值。
10.1002mop.31455-2.json,39,5,4,0.8864,0.907,0.8966,Incorrect_Field,measurement_method,Network analyzer (Agilent E8363B),FP,原文中未提及测量阻抗带宽所使用的网络分析仪的具体型号 'Agilent E8363B'。
10.1002mop.31455-2.json,39,5,4,0.8864,0.907,0.8966,Incorrect_Field,measurement_method,Saturation calorimeter method,FP,原文中描述的辐射效率和增益的测量方法是通过在天线暗室中测量三维辐射方向图并计算得出，而非 'Saturation calorimeter method'。
10.1002mop.31455-2.json,39,5,4,0.8864,0.907,0.8966,Missing_Field,Radiation efficiency calculation method,,FN,原文明确指出辐射效率是根据 η = G/D 计算的，其中方向性 D 是通过测量和计算 3D 球面辐射方向图得到的，这一关键方法在 JSON 中缺失。
10.1002mop.31455-2.json,39,5,4,0.8864,0.907,0.8966,Missing_Field,Reason for high measured cross-polarization,,FN,原文解释了元天线仿真与实测交叉极化电平差异的原因是基板表面的制造翘曲，这一关键解释在 JSON 中缺失。
10.1002mop.31455-2.json,39,5,4,0.8864,0.907,0.8966,Missing_Field,Gain bandwidth comparison,,FN,原文指出元天线比传统天线具有更宽的增益带宽，这是一个重要的性能优势，但在 JSON 中仅提供了峰值增益，未提及此带宽特性。
10.1002mop.31455-2.json,39,5,4,0.8864,0.907,0.8966,Missing_Field,"Analysis of relationship between directivity, gain, and efficiency",,FN,原文分析了元天线由于方向性较低但增益与传统天线相近，因此实现了更高的辐射效率。这一关键分析结论在 JSON 中缺失。
10.110950.774253-35.json,67,2,1,0.971,0.9853,0.9781,Incorrect_Field,Average Extinction Ratio,Less than 30 dB,FP,原始文本（表 II）指出商用单-MZI开关的平均消光比约为30 dB（~30 dB），而不是小于30 dB。
10.110950.774253-35.json,67,2,1,0.971,0.9853,0.9781,Incorrect_Field,Chip Size,68 × 68 mm,FP,原始文本（表 I）将芯片尺寸68 × 68 mm归于双-MZI开关，但没有提供单-MZI比较开关的此数据。
10.110950.774253-35.json,67,2,1,0.971,0.9853,0.9781,Missing_Field,Average Insertion Loss Value for Single-MZI Switch,,FN,文本指出了单-MZI开关的关键数据点：平均插入损耗约为7 dB（~7 dB），但在提取内容中，此值被定性描述（“高于双-MZI”），具体数值缺失。
10.1016j.ijimpeng.2011.06.002-13.json,115,1,6,0.9914,0.9504,0.9705,Incorrect_Field,Shear Modulus,192 Gpa,FP,在“Intact (Sleeved) SiC-N”和“Thermally Shocked (TS-2) SiC-N”系统中，剪变模量的单位被错误地写为“Gpa”，而原文中使用的正确单位是“GPa”。
10.1016j.ijimpeng.2011.06.002-13.json,115,1,6,0.9914,0.9504,0.9705,Missing_Field,Key conclusion on penetration velocity independence,,FN,文本的核心结论是，在数据分散范围内，碳化硅的穿透速度与其初始状态（完整、预损伤、原位粉碎）、约束方式（裸露或带套筒）以及金杆弹体的直径无关。这一关键发现在提取内容中缺失。
10.1016j.ijimpeng.2011.06.002-13.json,115,1,6,0.9914,0.9504,0.9705,Missing_Field,Updated regression equation for penetration velocity,,FN,文本提供了一个更新后的、贯穿所有数据的穿透速度与撞击速度的线性回归方程：u = -0.3662 + 0.7165 * vp。这个量化关系是研究的主要成果之一，但在提取内容中被遗漏了。
10.1016j.ijimpeng.2011.06.002-13.json,115,1,6,0.9914,0.9504,0.9705,Missing_Field,Proposed hypothesis for penetration behavior,,FN,文本提出了一个核心假设来解释为什么不同状态的碳化硅具有相同的穿透速率：撞击后几微秒内，弹杆总是穿透已失效（可能已粉碎）的材料。这个解释性假设在提取内容中缺失。
10.1016j.ijimpeng.2011.06.002-13.json,115,1,6,0.9914,0.9504,0.9705,Missing_Field,Explanation for data discrepancy between old and new experiments,,FN,文本解释了早期实验（参考文献[2]）与后续实验结果之间的差异是由于数据分析方法不同（早期实验强制回归线通过原点0/0）。这个关键的解释性信息在提取内容中被遗漏了。
10.1016j.ijimpeng.2011.06.002-13.json,115,1,6,0.9914,0.9504,0.9705,Missing_Field,Hydrodynamic limit for penetration,,FN,文本提到了水动力学极限穿透速度，并提供了计算公式（u_hydro = v_p / (1 + sqrt(r_t/r_p))），该极限被用作比较实验数据的基准。这个理论背景信息在提取内容中缺失。
10.1016j.ijimpeng.2011.06.002-13.json,115,1,6,0.9914,0.9504,0.9705,Missing_Field,Observation of interface defeat,,FN,文本提到了在较低撞击速度下观察到了“界面失效”现象，并给出了具体速度（0.776 km/s）。这是一个关于材料行为的重要观察结果，但在提取内容中被遗漏了。
10.1016j.solener.2019.02.029-16.json,95,8,4,0.9223,0.9596,0.9406,Incorrect_Field,Specific Gravity,40.56,FP,原始文本表1指出，红泥的比重是2.72，而不是40.56。40.56是颗粒尺寸分布的数据。
10.1016j.solener.2019.02.029-16.json,95,8,4,0.9223,0.9596,0.9406,Incorrect_Field,Particle Size Distribution,59.19 % (<200 μm),FP,原始文本表1指出，红泥颗粒尺寸分布中，小于200μm的占40.56%，而不是59.19%。59.19%是200-500μm范围的数据。
10.1016j.solener.2019.02.029-16.json,95,8,4,0.9223,0.9596,0.9406,Incorrect_Field,Particle Size Distribution,40.56 % (200-500 μm),FP,原始文本表1指出，红泥颗粒尺寸分布中，200-500μm的占59.19%，而不是40.56%。40.56%是小于200μm范围的数据。
10.1016j.solener.2019.02.029-16.json,95,8,4,0.9223,0.9596,0.9406,Incorrect_Field,Specific Gravity,26.64,FP,原始文本表1指出，石英砂的比重是2.63，而不是26.64。26.64是颗粒尺寸分布的数据。
10.1016j.solener.2019.02.029-16.json,95,8,4,0.9223,0.9596,0.9406,Incorrect_Field,Particle Size Distribution,69.23 % (<200 μm),FP,原始文本表1指出，石英砂颗粒尺寸分布中，小于200μm的占26.64%，而不是69.23%。69.23%是200-500μm范围的数据。
10.1016j.solener.2019.02.029-16.json,95,8,4,0.9223,0.9596,0.9406,Incorrect_Field,Particle Size Distribution,26.64 % (200-500 μm),FP,原始文本表1指出，石英砂颗粒尺寸分布中，200-500μm的占69.23%，而不是26.64%。26.64%是小于200μm范围的数据。
10.1016j.solener.2019.02.029-16.json,95,8,4,0.9223,0.9596,0.9406,Incorrect_Field,pH Value,14,FP,原始文本在2.1节提到了碱性催化剂的组成，但并未提及pH值为14。
10.1016j.solener.2019.02.029-16.json,95,8,4,0.9223,0.9596,0.9406,Incorrect_Field,Thermal properties of composites with EP/G loading,"{""Thermal Conductivity"": ""0.9425 W/mK"", ""Heat Permeability"": ""46.3241 KJ/kg"", ""Specific Heat"": ""2.1834 MJ/m³K"", ""Density"": ""873.32 kg/m³""}",FP,原始文本表7显示，这些热性能值（0.9425 W/mK等）属于样品B（Expanded graphite encapsulated PCM），而不是最终的PCM地聚合物复合材料（样品D）。最终复合材料的正确热导率应为2.4561 W/mK。JSON错误地将样品B的属性分配给了5%、10%和20% EP/G加载的复合材料。
10.1016j.solener.2019.02.029-16.json,95,8,4,0.9223,0.9596,0.9406,Missing_Field,Compressive strength of the final geopolymer composite,,FN,原始文本在摘要和结论部分明确指出，EG/PCM地聚合物复合材料的平均压缩强度为10.3 MPa，这是一个关键的力学性能指标，但在JSON中被遗漏了。
10.1016j.solener.2019.02.029-16.json,95,8,4,0.9223,0.9596,0.9406,Missing_Field,Outdoor test temperature results,,FN,原始文本在结果与讨论部分提供了室外测试的关键数据：EG/PCM复合地聚合物墙的平均白天温度为51°C，夜间至早上7点为36°C。这些数据是证明其热性能的核心证据，但在JSON中被遗漏了。
10.1016j.solener.2019.02.029-16.json,95,8,4,0.9223,0.9596,0.9406,Missing_Field,Performance comparison in outdoor test,,FN,原始文本指出，室外测试结果表明EG/PCM复合地聚合物墙的储热性能优于传统的水泥、粘土和石膏材料。这是一个重要的比较结论，但在JSON中被遗漏了。
10.1016j.solener.2019.02.029-16.json,95,8,4,0.9223,0.9596,0.9406,Missing_Field,Optimal EP/G concentration,,FN,原始文本在摘要中明确指出，25%的EG/PCM浓度是适用于建筑行业的最佳混合浓度。这是一个关于材料优化的关键结论，但在JSON中被遗漏了。
TOTAL,1731,138,171,0.9261637239165329,0.9100946372239748,0.9180588703261735,,,,,
